{"cameraMode":{"drawMode":0,"name":"Shaded","section":"Shading Mode"},"sceneLighting":true,"audioPlay":false,"sceneViewState":{"m_AlwaysRefresh":false,"showFog":true,"showSkybox":true,"showFlares":true,"showImageEffects":true,"showParticleSystems":true,"showVisualEffectGraphs":true,"m_FxEnabled":true},"in2DMode":false,"pivot":{"x":-0.10086405277252197,"y":6.702428340911865,"z":-1.8375067710876465},"rotation":{"x":0.3515884280204773,"y":-0.0586497038602829,"z":0.022069692611694337,"w":0.9340718984603882},"size":9.942358016967774,"orthographic":true}