{"cameraMode":{"drawMode":0,"name":"Shaded","section":"Shading Mode"},"sceneLighting":false,"audioPlay":false,"sceneViewState":{"m_AlwaysRefresh":false,"showFog":true,"showSkybox":false,"showFlares":true,"showImageEffects":true,"showParticleSystems":true,"showVisualEffectGraphs":true,"m_FxEnabled":true},"in2DMode":false,"pivot":{"x":-1.0088807344436646,"y":0.0316922664642334,"z":0.022455692291259767},"rotation":{"x":-0.14958280324935914,"y":-0.7723737955093384,"z":0.1974932700395584,"w":-0.5849184989929199},"size":1.463371753692627,"orthographic":true}